{"position":{"dir":"long","entry":1825.41,"sl":1800.2314285714288,"peak":1825.41,"trough":1814.92,"qty":0.7018605194254867,"bars":0,"atr":9.154999999999989,"initialSL":1797.9450000000002,"riskAmt":19.276599166020933,"entryTs":1783870203852,"features":{"rsi":64.07,"obvSlope":3417,"atrPct":0.502,"breakoutStrength":0.009,"channelWidth":2.12,"momentum":1.49,"tradesSurge":0.665}},"accountEquity":963.8299583010466,"peakEquity":1013.4866266970727,"halted":false}