{"position":{"dir":"short","entry":1782.62,"sl":1816.7514285714285,"peak":1782.62,"trough":1788.77,"qty":0.5738935234849437,"bars":0,"atr":11.377142857142871,"initialSL":1816.7514285714285,"riskAmt":19.587805804431845,"entryTs":1783814943339,"features":{"rsi":39.85,"obvSlope":25492,"atrPct":0.638,"breakoutStrength":0.052,"channelWidth":2.36,"momentum":-2.25,"tradesSurge":0.772}},"accountEquity":979.3902902215922,"peakEquity":1013.4866266970727,"halted":false}