{"position":{"dir":"short","entry":1757.33,"sl":1778.8407142857143,"peak":1735.57,"trough":1773.66,"qty":0.4637292377138516,"bars":0,"atr":14.326428571428583,"initialSL":1800.3092857142856,"riskAmt":19.930751401771516,"entryTs":1783330606270,"features":{"rsi":33.24,"obvSlope":1094,"atrPct":0.815,"breakoutStrength":0.003,"channelWidth":2.36,"momentum":-1.11}},"accountEquity":996.5375700885759,"peakEquity":1013.4866266970727,"halted":false}