{"position":{"dir":"long","entry":1799.79,"sl":1767.8285714285714,"peak":1803.1,"trough":1799.02,"qty":0.5785448633540895,"bars":0,"atr":11.678571428571429,"initialSL":1764.7542857142857,"riskAmt":20.269732533941454,"entryTs":1783290405964,"features":{"rsi":74.73,"obvSlope":35656,"atrPct":0.649,"breakoutStrength":0.082,"channelWidth":2.49,"momentum":1.2}},"accountEquity":1013.4866266970727,"peakEquity":1013.4866266970727,"halted":false}