{"position":null,"accountEquity":977.0993658587048,"peakEquity":1013.4866266970727,"halted":false}