{"position":{"dir":"long","entry":1795,"sl":1754.3971428571429,"peak":1803.88,"trough":1786.58,"qty":0.3937616295127024,"bars":0,"atr":16.73642857142857,"initialSL":1744.7907142857143,"riskAmt":19.770490159525973,"entryTs":1783354126432,"features":{"rsi":54.75,"obvSlope":5811,"atrPct":0.932,"breakoutStrength":0.139,"channelWidth":2.93,"momentum":2.08}},"accountEquity":988.5245079762987,"peakEquity":1013.4866266970727,"halted":false}