{"position":{"dir":"long","entry":1740.33,"sl":1706.1964285714287,"peak":1747.29,"trough":1739.27,"qty":0.4949794937066914,"bars":0,"atr":13.468571428571408,"initialSL":1699.9242857142858,"riskAmt":20,"entryTs":1783075387885,"features":{"rsi":71.65,"obvSlope":63890,"atrPct":0.774,"breakoutStrength":1.091,"channelWidth":7.06,"momentum":1.53}},"accountEquity":1000,"peakEquity":1000,"halted":false}