{"position":null,"accountEquity":947.9250209484416,"peakEquity":1013.4866266970727,"halted":false}