{"position":{"dir":"long","entry":1875.61,"sl":1855.6664285714285,"peak":1890.88,"trough":1864.28,"qty":0.5844395079048873,"bars":0,"atr":11.145714285714316,"initialSL":1842.1728571428569,"riskAmt":19.541987317174097,"entryTs":1784499625542,"features":{"rsi":52.16,"obvSlope":10221,"atrPct":0.594,"breakoutStrength":0.151,"channelWidth":1.77,"momentum":0.5,"tradesSurge":0.806}},"accountEquity":977.0993658587048,"peakEquity":1013.4866266970727,"halted":false}