{"position":{"dir":"long","entry":1825.91,"sl":1852.337142857143,"peak":1893.42,"trough":1821.82,"qty":0.47326088099241453,"bars":0,"atr":13.018571428571445,"initialSL":1786.8542857142857,"riskAmt":18.48354175064524,"entryTs":1784032579708,"features":{"rsi":86.9,"obvSlope":52815,"atrPct":0.713,"breakoutStrength":0.024,"channelWidth":3.99,"momentum":2.58,"tradesSurge":1.209}},"accountEquity":924.177087532262,"peakEquity":1013.4866266970727,"halted":false}