{"position":null,"accountEquity":924.177087532262,"peakEquity":1013.4866266970727,"halted":false}