{"position":null,"accountEquity":945.7386953081991,"peakEquity":1013.4866266970727,"halted":false}