{"position":null,"accountEquity":965.9863176528103,"peakEquity":1013.4866266970727,"halted":false}