{"position":{"dir":"long","entry":1943.3,"sl":1908.5107142857144,"peak":1943.3,"trough":1934.24,"qty":0.5633813617510349,"bars":0,"atr":11.596428571428564,"initialSL":1908.5107142857144,"riskAmt":19.599635160060046,"entryTs":1784679686944,"features":{"rsi":57.94,"obvSlope":15311,"atrPct":0.597,"breakoutStrength":0.134,"channelWidth":4.21,"momentum":1.09,"tradesSurge":0.662}},"accountEquity":979.9817580030023,"peakEquity":1013.4866266970727,"halted":false}