{"position":null,"accountEquity":964.2001066211682,"peakEquity":1013.4866266970727,"halted":false}