{"position":{"dir":"long","entry":1851.76,"sl":1834.3157142857142,"peak":1851.81,"trough":1851.59,"qty":1.112574356989028,"bars":0,"atr":5.831428571428579,"initialSL":1834.2657142857142,"riskAmt":19.46369367955381,"entryTs":1784397444751,"features":{"rsi":61.09,"obvSlope":1468,"atrPct":0.315,"breakoutStrength":0.002,"channelWidth":1.65,"momentum":0.41,"tradesSurge":0.379}},"accountEquity":973.1846839776904,"peakEquity":1013.4866266970727,"halted":false}