{"position":null,"accountEquity":1013.4866266970727,"peakEquity":1013.4866266970727,"halted":false}