{"position":null,"accountEquity":973.1846839776904,"peakEquity":1013.4866266970727,"halted":false}