{"position":null,"accountEquity":979.3902902215922,"peakEquity":1013.4866266970727,"halted":false}