{"position":null,"accountEquity":996.5375700885759,"peakEquity":1013.4866266970727,"halted":false}