{"position":{"dir":"short","entry":1750.66,"sl":1791.2385714285715,"peak":1745,"trough":1756.24,"qty":0.42393223216547615,"bars":0,"atr":15.409285714285748,"initialSL":1796.8878571428572,"riskAmt":19.59747866679818,"entryTs":1783491119495,"features":{"rsi":26.87,"obvSlope":40235,"atrPct":0.88,"breakoutStrength":0.008,"channelWidth":3.63,"momentum":-0.25,"tradesSurge":0.813}},"accountEquity":979.8739333399091,"peakEquity":1013.4866266970727,"halted":false}