{"position":null,"accountEquity":979.8739333399091,"peakEquity":1013.4866266970727,"halted":false}