{"position":{"dir":"long","entry":1946.3,"sl":1912.9599999999998,"peak":1951.54,"trough":1922.13,"qty":0.5334440423906864,"bars":0,"atr":12.050000000000052,"initialSL":1910.1499999999999,"riskAmt":19.284002132423364,"entryTs":1784729128573,"features":{"rsi":53.79,"obvSlope":11514,"atrPct":0.619,"breakoutStrength":0.378,"channelWidth":2.41,"momentum":1.18,"tradesSurge":1.007}},"accountEquity":964.2001066211682,"peakEquity":1013.4866266970727,"halted":false}