{"position":null,"accountEquity":964.819120075431,"peakEquity":1013.4866266970727,"halted":false}