{"position":null,"accountEquity":979.9817580030023,"peakEquity":1013.4866266970727,"halted":false}