{"position":null,"accountEquity":977.4581632516774,"peakEquity":1013.4866266970727,"halted":false}