{"position":{"dir":"short","entry":1868.26,"sl":1889.0564285714288,"peak":1844.77,"trough":1869.2,"qty":0.4974543460938445,"bars":0,"atr":12.895714285714332,"initialSL":1906.947142857143,"riskAmt":19.24508735223924,"entryTs":1784242583437,"features":{"rsi":38.62,"obvSlope":-78575,"atrPct":0.69,"breakoutStrength":0.003,"channelWidth":3.44,"momentum":0,"tradesSurge":0.545}},"accountEquity":962.2543676119619,"peakEquity":1013.4866266970727,"halted":false}