{"position":null,"accountEquity":988.5245079762987,"peakEquity":1013.4866266970727,"halted":false}