{"position":{"dir":"long","entry":1758.53,"sl":1728.077857142857,"peak":1758.53,"trough":1741.8,"qty":0.5410677217849277,"bars":0,"atr":12.043571428571438,"initialSL":1722.3992857142857,"riskAmt":19.54916326503355,"entryTs":1783621201096,"features":{"rsi":62.84,"obvSlope":-20189,"atrPct":0.685,"breakoutStrength":0.136,"channelWidth":1.98,"momentum":0.7,"tradesSurge":0.922}},"accountEquity":977.4581632516774,"peakEquity":1013.4866266970727,"halted":false}