{"position":{"dir":"long","entry":1770.17,"sl":1766.1992857142857,"peak":1804.43,"trough":1764.91,"qty":0.520970694477138,"bars":0,"atr":12.34642857142858,"initialSL":1733.1307142857142,"riskAmt":19.29638240150862,"entryTs":1783648141404,"features":{"rsi":70.71,"obvSlope":-21073,"atrPct":0.697,"breakoutStrength":1.229,"channelWidth":1.86,"momentum":1.27,"tradesSurge":0.512}},"accountEquity":964.819120075431,"peakEquity":1013.4866266970727,"halted":false}