{"position":null,"accountEquity":926.379672756206,"peakEquity":1013.4866266970727,"halted":false}