{"position":{"dir":"short","entry":1785.87,"sl":1790.5842857142857,"peak":1752.84,"trough":1794.39,"qty":0.4198820065587561,"bars":0,"atr":14.708571428571434,"initialSL":1829.9957142857143,"riskAmt":18.52759345512412,"entryTs":1783912308484,"features":{"rsi":40.55,"obvSlope":32362,"atrPct":0.824,"breakoutStrength":0.056,"channelWidth":2.18,"momentum":-1.01,"tradesSurge":2.391}},"accountEquity":926.379672756206,"peakEquity":1013.4866266970727,"halted":false}