{"position":null,"accountEquity":962.2543676119619,"peakEquity":1013.4866266970727,"halted":false}