{"position":{"dir":"short","entry":1913.16,"sl":1913.7921428571428,"peak":1875.84,"trough":1930.55,"qty":0.3746823839408604,"bars":0,"atr":10.541428571428582,"initialSL":1944.784285714286,"riskAmt":11.84906276185552,"entryTs":1784792410403,"features":{"rsi":30.57,"obvSlope":-27615,"atrPct":0.551,"breakoutStrength":0.009,"channelWidth":1.87,"momentum":-0.69,"tradesSurge":0.571}},"accountEquity":947.9250209484416,"peakEquity":1013.4866266970727,"halted":false}