{"position":{"dir":"long","entry":1879.32,"sl":1862.0285714285715,"peak":1917.7,"trough":1852.8,"qty":0.39696514169130287,"bars":0,"atr":16.22285714285715,"initialSL":1830.6514285714284,"riskAmt":19.319726353056208,"entryTs":1784547085919,"features":{"rsi":59.98,"obvSlope":-19066,"atrPct":0.863,"breakoutStrength":0.027,"channelWidth":1.61,"momentum":1.66,"tradesSurge":0.954}},"accountEquity":965.9863176528103,"peakEquity":1013.4866266970727,"halted":false}