{"position":null,"accountEquity":954.480603507059,"peakEquity":1013.4866266970727,"halted":false}